{"AllNeuronsCount":42,"AllGensCount":50,"InputNeuronsCount":24,"OutputNeuronsCount":3,"LifeTime":0.0,"Energy":2.0} {"Container":0.0,"Bias":0.04370180144906044} {"Container":0.0,"Bias":0.016805754974484445} {"Container":0.0,"Bias":0.03023509867489338} {"Container":0.0,"Bias":-0.038761962205171588} {"Container":0.0,"Bias":0.000664442777633667} {"Container":0.0,"Bias":-0.01307625137269497} {"Container":0.0,"Bias":-0.02814166620373726} {"Container":0.0,"Bias":0.01898040622472763} {"Container":0.0,"Bias":0.004913847893476486} {"Container":0.0,"Bias":-0.010739952325820923} {"Container":0.0,"Bias":0.015339219942688942} {"Container":0.0,"Bias":-0.001951463520526886} {"Container":0.0,"Bias":-0.021844450384378434} {"Container":0.0,"Bias":0.04974139854311943} {"Container":0.0,"Bias":0.039927709847688678} {"Container":0.0,"Bias":-0.028611470013856889} {"Container":0.0,"Bias":0.04696947708725929} {"Container":0.0,"Bias":0.04649055376648903} {"Container":0.0,"Bias":0.02353750355541706} {"Container":0.0,"Bias":0.019558535888791086} {"Container":0.0,"Bias":0.02673863060772419} {"Container":0.0,"Bias":-0.01876828260719776} {"Container":0.0,"Bias":0.04269130155444145} {"Container":0.0,"Bias":0.00011449307203292847} {"Container":0.0,"Bias":-0.013622039929032326} {"Container":0.0,"Bias":-0.031230378895998} {"Container":0.0,"Bias":-0.04665963724255562} {"Container":0.0,"Bias":-0.00770067423582077} {"Container":0.0,"Bias":0.03767302259802818} {"Container":0.0,"Bias":0.0034927427768707277} {"Container":0.0,"Bias":0.008642904460430146} {"Container":0.0,"Bias":-0.016703730449080468} {"Container":0.0,"Bias":-0.006601255387067795} {"Container":0.0,"Bias":-0.022685248404741288} {"Container":0.0,"Bias":-0.005940251052379608} {"Container":0.0,"Bias":0.007103689014911652} {"Container":0.0,"Bias":0.04288607835769653} {"Container":0.0,"Bias":-0.007100097835063934} {"Container":0.0,"Bias":0.03906044736504555} {"Container":0.0,"Bias":0.042182374745607379} {"Container":0.0,"Bias":0.0031471773982048036} {"Container":0.0,"Bias":-0.04374063387513161} {"ElementaryNeuronNumberInList":0,"FinitieNeuronNumberInList":25,"Weight":0.48299047350883486} {"ElementaryNeuronNumberInList":1,"FinitieNeuronNumberInList":33,"Weight":0.3216390311717987} {"ElementaryNeuronNumberInList":2,"FinitieNeuronNumberInList":38,"Weight":0.13676202297210694} {"ElementaryNeuronNumberInList":3,"FinitieNeuronNumberInList":32,"Weight":0.6837832927703857} {"ElementaryNeuronNumberInList":4,"FinitieNeuronNumberInList":37,"Weight":-0.3959709405899048} {"ElementaryNeuronNumberInList":5,"FinitieNeuronNumberInList":40,"Weight":0.3751213252544403} {"ElementaryNeuronNumberInList":6,"FinitieNeuronNumberInList":37,"Weight":-0.7152259349822998} {"ElementaryNeuronNumberInList":7,"FinitieNeuronNumberInList":28,"Weight":0.20830190181732179} {"ElementaryNeuronNumberInList":8,"FinitieNeuronNumberInList":30,"Weight":-0.14296185970306397} {"ElementaryNeuronNumberInList":9,"FinitieNeuronNumberInList":27,"Weight":-0.782926082611084} {"ElementaryNeuronNumberInList":10,"FinitieNeuronNumberInList":31,"Weight":0.6403963565826416} {"ElementaryNeuronNumberInList":11,"FinitieNeuronNumberInList":30,"Weight":0.7320995330810547} {"ElementaryNeuronNumberInList":12,"FinitieNeuronNumberInList":36,"Weight":-0.08958756923675537} {"ElementaryNeuronNumberInList":13,"FinitieNeuronNumberInList":35,"Weight":-0.8466386795043945} {"ElementaryNeuronNumberInList":14,"FinitieNeuronNumberInList":28,"Weight":-0.825380802154541} {"ElementaryNeuronNumberInList":15,"FinitieNeuronNumberInList":35,"Weight":0.5702376365661621} {"ElementaryNeuronNumberInList":16,"FinitieNeuronNumberInList":40,"Weight":-0.4902132749557495} {"ElementaryNeuronNumberInList":17,"FinitieNeuronNumberInList":34,"Weight":0.8363552093505859} {"ElementaryNeuronNumberInList":18,"FinitieNeuronNumberInList":24,"Weight":0.4916393458843231} {"ElementaryNeuronNumberInList":19,"FinitieNeuronNumberInList":36,"Weight":-0.41925156116485598} {"ElementaryNeuronNumberInList":20,"FinitieNeuronNumberInList":30,"Weight":-0.6408309936523438} {"ElementaryNeuronNumberInList":21,"FinitieNeuronNumberInList":32,"Weight":-0.1860893964767456} {"ElementaryNeuronNumberInList":22,"FinitieNeuronNumberInList":28,"Weight":-0.4415782690048218} {"ElementaryNeuronNumberInList":23,"FinitieNeuronNumberInList":25,"Weight":-0.5746297836303711} {"ElementaryNeuronNumberInList":29,"FinitieNeuronNumberInList":24,"Weight":-0.28544700145721438} {"ElementaryNeuronNumberInList":33,"FinitieNeuronNumberInList":25,"Weight":-0.705733060836792} {"ElementaryNeuronNumberInList":38,"FinitieNeuronNumberInList":26,"Weight":-0.393473744392395} {"ElementaryNeuronNumberInList":28,"FinitieNeuronNumberInList":34,"Weight":-0.8903052806854248} {"ElementaryNeuronNumberInList":24,"FinitieNeuronNumberInList":35,"Weight":0.7846980094909668} {"ElementaryNeuronNumberInList":27,"FinitieNeuronNumberInList":34,"Weight":-0.9384889602661133} {"ElementaryNeuronNumberInList":39,"FinitieNeuronNumberInList":29,"Weight":-0.11609232425689697} {"ElementaryNeuronNumberInList":30,"FinitieNeuronNumberInList":40,"Weight":0.989006519317627} {"ElementaryNeuronNumberInList":26,"FinitieNeuronNumberInList":34,"Weight":-0.7618017196655273} {"ElementaryNeuronNumberInList":34,"FinitieNeuronNumberInList":24,"Weight":0.8242268562316895} {"ElementaryNeuronNumberInList":39,"FinitieNeuronNumberInList":26,"Weight":-0.8533477783203125} {"ElementaryNeuronNumberInList":24,"FinitieNeuronNumberInList":32,"Weight":-0.1862705945968628} {"ElementaryNeuronNumberInList":26,"FinitieNeuronNumberInList":32,"Weight":-0.7193338871002197} {"ElementaryNeuronNumberInList":34,"FinitieNeuronNumberInList":35,"Weight":0.536534309387207} {"ElementaryNeuronNumberInList":29,"FinitieNeuronNumberInList":32,"Weight":0.4408518970012665} {"ElementaryNeuronNumberInList":33,"FinitieNeuronNumberInList":30,"Weight":-0.5303940773010254} {"ElementaryNeuronNumberInList":32,"FinitieNeuronNumberInList":25,"Weight":-0.5672638416290283} {"ElementaryNeuronNumberInList":27,"FinitieNeuronNumberInList":36,"Weight":0.7684504985809326} {"ElementaryNeuronNumberInList":34,"FinitieNeuronNumberInList":30,"Weight":0.8146781921386719} {"ElementaryNeuronNumberInList":36,"FinitieNeuronNumberInList":26,"Weight":-0.20421254634857179} {"ElementaryNeuronNumberInList":25,"FinitieNeuronNumberInList":31,"Weight":-0.931929349899292} {"ElementaryNeuronNumberInList":36,"FinitieNeuronNumberInList":40,"Weight":0.20572435855865479} {"ElementaryNeuronNumberInList":27,"FinitieNeuronNumberInList":38,"Weight":-0.36536872386932375} {"ElementaryNeuronNumberInList":36,"FinitieNeuronNumberInList":35,"Weight":0.9035871028900147} {"ElementaryNeuronNumberInList":29,"FinitieNeuronNumberInList":34,"Weight":-0.4619711637496948} {"ElementaryNeuronNumberInList":38,"FinitieNeuronNumberInList":34,"Weight":-0.0012933015823364258} {"Generation":1,"SecondName":75.68573760986328,"AbsorbSkill":0.5465711951255798,"AttackSkill":0.5090811848640442,"DefenceSkill":0.6782079935073853,"AttackBiteCoeficient":1.25,"AttackSuckCoeficient":0.05999999865889549,"EatSuckCoeficient":0.029999999329447748,"Speed":0.05000000074505806,"EnergyForDublicate":6.0,"EatFoodPerSecond":0.20000000298023225,"DetectionRadius":12.0,"RotateSpeed":8.0,"MaxAttibutes":0.699999988079071,"MutateChance":0.004999999888241291}