{"AllNeuronsCount":42,"AllGensCount":50,"InputNeuronsCount":24,"OutputNeuronsCount":3,"LifeTime":0.0,"Energy":2.0} {"Container":0.0,"Bias":0.00857294350862503} {"Container":0.0,"Bias":0.017500102519989015} {"Container":0.0,"Bias":-0.03220249339938164} {"Container":0.0,"Bias":0.021378587931394578} {"Container":0.0,"Bias":0.029173456132411958} {"Container":0.0,"Bias":-0.04085944965481758} {"Container":0.0,"Bias":-0.02830916829407215} {"Container":0.0,"Bias":-0.010136373341083527} {"Container":0.0,"Bias":-0.001188524067401886} {"Container":0.0,"Bias":-0.046303216367959979} {"Container":0.0,"Bias":-0.03722164407372475} {"Container":0.0,"Bias":0.020598970353603364} {"Container":0.0,"Bias":0.0019643232226371767} {"Container":0.0,"Bias":-0.03704173490405083} {"Container":0.0,"Bias":0.025140225887298585} {"Container":0.0,"Bias":0.03806985542178154} {"Container":0.0,"Bias":-0.0006702020764350891} {"Container":0.0,"Bias":-0.03565922752022743} {"Container":0.0,"Bias":-0.014549952000379563} {"Container":0.0,"Bias":-0.03071070834994316} {"Container":0.0,"Bias":0.04423156753182411} {"Container":0.0,"Bias":-0.018434232100844384} {"Container":0.0,"Bias":0.016460323706269265} {"Container":0.0,"Bias":-0.021388176828622819} {"Container":0.0,"Bias":-0.022355180233716966} {"Container":0.0,"Bias":-0.00170179083943367} {"Container":0.0,"Bias":0.013790199533104897} {"Container":0.0,"Bias":0.022933900356292726} {"Container":0.0,"Bias":-0.036573659628629687} {"Container":0.0,"Bias":-0.0026975683867931368} {"Container":0.0,"Bias":-0.0387580431997776} {"Container":0.0,"Bias":0.026951633393764497} {"Container":0.0,"Bias":0.03820044919848442} {"Container":0.0,"Bias":-0.0029221586883068086} {"Container":0.0,"Bias":0.048916447907686236} {"Container":0.0,"Bias":-0.008660059422254563} {"Container":0.0,"Bias":0.01828247308731079} {"Container":0.0,"Bias":-0.010420460253953934} {"Container":0.0,"Bias":-0.02050817385315895} {"Container":0.0,"Bias":0.007842320948839188} {"Container":0.0,"Bias":-0.04888438060879707} {"Container":0.0,"Bias":-0.007190089672803879} {"ElementaryNeuronNumberInList":0,"FinitieNeuronNumberInList":35,"Weight":-0.6771421432495117} {"ElementaryNeuronNumberInList":1,"FinitieNeuronNumberInList":39,"Weight":-0.5617473125457764} {"ElementaryNeuronNumberInList":2,"FinitieNeuronNumberInList":36,"Weight":-0.8033664226531982} {"ElementaryNeuronNumberInList":3,"FinitieNeuronNumberInList":31,"Weight":0.6748743057250977} {"ElementaryNeuronNumberInList":4,"FinitieNeuronNumberInList":37,"Weight":0.36708948016166689} {"ElementaryNeuronNumberInList":5,"FinitieNeuronNumberInList":32,"Weight":-0.9106578826904297} {"ElementaryNeuronNumberInList":6,"FinitieNeuronNumberInList":28,"Weight":0.7761898040771484} {"ElementaryNeuronNumberInList":7,"FinitieNeuronNumberInList":34,"Weight":0.8424313068389893} {"ElementaryNeuronNumberInList":8,"FinitieNeuronNumberInList":37,"Weight":-0.241155743598938} {"ElementaryNeuronNumberInList":9,"FinitieNeuronNumberInList":38,"Weight":0.26174017786979678} {"ElementaryNeuronNumberInList":10,"FinitieNeuronNumberInList":27,"Weight":0.6139962673187256} {"ElementaryNeuronNumberInList":11,"FinitieNeuronNumberInList":29,"Weight":-0.3258582353591919} {"ElementaryNeuronNumberInList":12,"FinitieNeuronNumberInList":32,"Weight":-0.05926167964935303} {"ElementaryNeuronNumberInList":13,"FinitieNeuronNumberInList":33,"Weight":-0.6335299015045166} {"ElementaryNeuronNumberInList":14,"FinitieNeuronNumberInList":40,"Weight":0.09577739238739014} {"ElementaryNeuronNumberInList":15,"FinitieNeuronNumberInList":38,"Weight":-0.40484464168548586} {"ElementaryNeuronNumberInList":16,"FinitieNeuronNumberInList":33,"Weight":0.13789331912994386} {"ElementaryNeuronNumberInList":17,"FinitieNeuronNumberInList":37,"Weight":-0.37672722339630129} {"ElementaryNeuronNumberInList":18,"FinitieNeuronNumberInList":33,"Weight":0.25220081210136416} {"ElementaryNeuronNumberInList":19,"FinitieNeuronNumberInList":26,"Weight":-0.6702189445495606} {"ElementaryNeuronNumberInList":20,"FinitieNeuronNumberInList":31,"Weight":-0.6970000267028809} {"ElementaryNeuronNumberInList":21,"FinitieNeuronNumberInList":36,"Weight":0.4796161353588104} {"ElementaryNeuronNumberInList":22,"FinitieNeuronNumberInList":24,"Weight":0.4931149184703827} {"ElementaryNeuronNumberInList":23,"FinitieNeuronNumberInList":30,"Weight":-0.7441816329956055} {"ElementaryNeuronNumberInList":30,"FinitieNeuronNumberInList":24,"Weight":0.09848392009735108} {"ElementaryNeuronNumberInList":34,"FinitieNeuronNumberInList":25,"Weight":0.8439249992370606} {"ElementaryNeuronNumberInList":30,"FinitieNeuronNumberInList":26,"Weight":0.3471648395061493} {"ElementaryNeuronNumberInList":33,"FinitieNeuronNumberInList":37,"Weight":0.11954224109649658} {"ElementaryNeuronNumberInList":40,"FinitieNeuronNumberInList":32,"Weight":0.017734885215759279} {"ElementaryNeuronNumberInList":28,"FinitieNeuronNumberInList":25,"Weight":0.7679810523986816} {"ElementaryNeuronNumberInList":33,"FinitieNeuronNumberInList":35,"Weight":0.24200189113616944} {"ElementaryNeuronNumberInList":26,"FinitieNeuronNumberInList":37,"Weight":-0.5532433986663818} {"ElementaryNeuronNumberInList":34,"FinitieNeuronNumberInList":24,"Weight":0.7804124355316162} {"ElementaryNeuronNumberInList":34,"FinitieNeuronNumberInList":35,"Weight":0.4504949748516083} {"ElementaryNeuronNumberInList":28,"FinitieNeuronNumberInList":27,"Weight":-0.09813940525054932} {"ElementaryNeuronNumberInList":24,"FinitieNeuronNumberInList":40,"Weight":0.6620492935180664} {"ElementaryNeuronNumberInList":26,"FinitieNeuronNumberInList":33,"Weight":-0.35975706577301028} {"ElementaryNeuronNumberInList":26,"FinitieNeuronNumberInList":39,"Weight":0.7982072830200195} {"ElementaryNeuronNumberInList":31,"FinitieNeuronNumberInList":27,"Weight":0.2018965482711792} {"ElementaryNeuronNumberInList":40,"FinitieNeuronNumberInList":35,"Weight":0.8389487266540527} {"ElementaryNeuronNumberInList":25,"FinitieNeuronNumberInList":38,"Weight":-0.7519989013671875} {"ElementaryNeuronNumberInList":35,"FinitieNeuronNumberInList":37,"Weight":-0.2105501890182495} {"ElementaryNeuronNumberInList":34,"FinitieNeuronNumberInList":31,"Weight":0.8995871543884277} {"ElementaryNeuronNumberInList":24,"FinitieNeuronNumberInList":25,"Weight":-0.015937447547912599} {"ElementaryNeuronNumberInList":34,"FinitieNeuronNumberInList":31,"Weight":-0.0033496618270874025} {"ElementaryNeuronNumberInList":36,"FinitieNeuronNumberInList":32,"Weight":0.0239793062210083} {"ElementaryNeuronNumberInList":33,"FinitieNeuronNumberInList":27,"Weight":0.2776605784893036} {"ElementaryNeuronNumberInList":33,"FinitieNeuronNumberInList":38,"Weight":0.07482874393463135} {"ElementaryNeuronNumberInList":34,"FinitieNeuronNumberInList":30,"Weight":-0.20998990535736085} {"ElementaryNeuronNumberInList":30,"FinitieNeuronNumberInList":29,"Weight":-0.1009751558303833} {"Generation":1,"SecondName":68.63434600830078,"AbsorbSkill":0.24469958245754243,"AttackSkill":0.04535472393035889,"DefenceSkill":0.9013824462890625,"AttackBiteCoeficient":1.25,"AttackSuckCoeficient":0.05999999865889549,"EatSuckCoeficient":0.029999999329447748,"Speed":0.05000000074505806,"EnergyForDublicate":6.0,"EatFoodPerSecond":0.20000000298023225,"DetectionRadius":12.0,"RotateSpeed":8.0,"MaxAttibutes":0.699999988079071,"MutateChance":0.004999999888241291}