{"AllNeuronsCount":42,"AllGensCount":50,"InputNeuronsCount":24,"OutputNeuronsCount":3,"LifeTime":0.0,"Energy":2.0} {"Container":0.0,"Bias":0.006780259311199188} {"Container":0.0,"Bias":-0.005904775112867355} {"Container":0.0,"Bias":0.03410693258047104} {"Container":0.0,"Bias":0.0359407402575016} {"Container":0.0,"Bias":-0.03004816547036171} {"Container":0.0,"Bias":0.027056168764829637} {"Container":0.0,"Bias":0.007360558956861496} {"Container":0.0,"Bias":0.0022834837436676027} {"Container":0.0,"Bias":-0.03300801292061806} {"Container":0.0,"Bias":0.033984195441007617} {"Container":0.0,"Bias":-0.011898688971996308} {"Container":0.0,"Bias":0.03478742763400078} {"Container":0.0,"Bias":0.0005707554519176483} {"Container":0.0,"Bias":0.04246148094534874} {"Container":0.0,"Bias":0.022515438497066499} {"Container":0.0,"Bias":-0.020921271294355394} {"Container":0.0,"Bias":-0.007649678736925125} {"Container":0.0,"Bias":-0.0371711291372776} {"Container":0.0,"Bias":-0.004550319164991379} {"Container":0.0,"Bias":0.00026435405015945435} {"Container":0.0,"Bias":0.016161346808075906} {"Container":0.0,"Bias":-0.001038581132888794} {"Container":0.0,"Bias":0.03581517934799194} {"Container":0.0,"Bias":0.02429506555199623} {"Container":0.0,"Bias":-0.025061357766389848} {"Container":0.0,"Bias":0.026009367778897287} {"Container":0.0,"Bias":-0.003474883735179901} {"Container":0.0,"Bias":0.04070064797997475} {"Container":0.0,"Bias":-0.04842693731188774} {"Container":0.0,"Bias":0.0317237488925457} {"Container":0.0,"Bias":-0.004996746778488159} {"Container":0.0,"Bias":-0.012507205829024315} {"Container":0.0,"Bias":-0.03416018560528755} {"Container":0.0,"Bias":-0.03937561437487602} {"Container":0.0,"Bias":0.0009256415069103241} {"Container":0.0,"Bias":-0.009288676083087922} {"Container":0.0,"Bias":0.021337639540433885} {"Container":0.0,"Bias":-0.009632568806409836} {"Container":0.0,"Bias":0.027884196490049363} {"Container":0.0,"Bias":0.00014650076627731323} {"Container":0.0,"Bias":-0.02219739742577076} {"Container":0.0,"Bias":0.026611171662807466} {"ElementaryNeuronNumberInList":0,"FinitieNeuronNumberInList":27,"Weight":0.202966570854187} {"ElementaryNeuronNumberInList":1,"FinitieNeuronNumberInList":30,"Weight":-0.4991797208786011} {"ElementaryNeuronNumberInList":2,"FinitieNeuronNumberInList":37,"Weight":0.11522448062896729} {"ElementaryNeuronNumberInList":3,"FinitieNeuronNumberInList":25,"Weight":-0.7676534652709961} {"ElementaryNeuronNumberInList":4,"FinitieNeuronNumberInList":30,"Weight":0.24545681476593018} {"ElementaryNeuronNumberInList":5,"FinitieNeuronNumberInList":37,"Weight":-0.345317006111145} {"ElementaryNeuronNumberInList":6,"FinitieNeuronNumberInList":37,"Weight":0.7686140537261963} {"ElementaryNeuronNumberInList":7,"FinitieNeuronNumberInList":35,"Weight":0.760401725769043} {"ElementaryNeuronNumberInList":8,"FinitieNeuronNumberInList":36,"Weight":-0.8750402927398682} {"ElementaryNeuronNumberInList":9,"FinitieNeuronNumberInList":37,"Weight":-0.6389510631561279} {"ElementaryNeuronNumberInList":10,"FinitieNeuronNumberInList":35,"Weight":0.20392239093780518} {"ElementaryNeuronNumberInList":11,"FinitieNeuronNumberInList":26,"Weight":-0.13516438007354737} {"ElementaryNeuronNumberInList":12,"FinitieNeuronNumberInList":25,"Weight":-0.04018247127532959} {"ElementaryNeuronNumberInList":13,"FinitieNeuronNumberInList":25,"Weight":-0.8396892547607422} {"ElementaryNeuronNumberInList":14,"FinitieNeuronNumberInList":26,"Weight":-0.368815541267395} {"ElementaryNeuronNumberInList":15,"FinitieNeuronNumberInList":38,"Weight":0.3813113868236542} {"ElementaryNeuronNumberInList":16,"FinitieNeuronNumberInList":25,"Weight":-0.4538191556930542} {"ElementaryNeuronNumberInList":17,"FinitieNeuronNumberInList":25,"Weight":0.32637640833854678} {"ElementaryNeuronNumberInList":18,"FinitieNeuronNumberInList":27,"Weight":-0.3743528127670288} {"ElementaryNeuronNumberInList":19,"FinitieNeuronNumberInList":39,"Weight":-0.09869372844696045} {"ElementaryNeuronNumberInList":20,"FinitieNeuronNumberInList":34,"Weight":-0.21315276622772218} {"ElementaryNeuronNumberInList":21,"FinitieNeuronNumberInList":35,"Weight":-0.37251484394073489} {"ElementaryNeuronNumberInList":22,"FinitieNeuronNumberInList":39,"Weight":-0.6014354228973389} {"ElementaryNeuronNumberInList":23,"FinitieNeuronNumberInList":28,"Weight":0.6627194881439209} {"ElementaryNeuronNumberInList":30,"FinitieNeuronNumberInList":24,"Weight":0.5780477523803711} {"ElementaryNeuronNumberInList":36,"FinitieNeuronNumberInList":25,"Weight":0.7361240386962891} {"ElementaryNeuronNumberInList":33,"FinitieNeuronNumberInList":26,"Weight":0.003689408302307129} {"ElementaryNeuronNumberInList":39,"FinitieNeuronNumberInList":25,"Weight":0.727003812789917} {"ElementaryNeuronNumberInList":29,"FinitieNeuronNumberInList":30,"Weight":0.5258173942565918} {"ElementaryNeuronNumberInList":34,"FinitieNeuronNumberInList":38,"Weight":0.1893247365951538} {"ElementaryNeuronNumberInList":40,"FinitieNeuronNumberInList":25,"Weight":-0.639448881149292} {"ElementaryNeuronNumberInList":34,"FinitieNeuronNumberInList":32,"Weight":0.102378249168396} {"ElementaryNeuronNumberInList":34,"FinitieNeuronNumberInList":31,"Weight":0.7663121223449707} {"ElementaryNeuronNumberInList":39,"FinitieNeuronNumberInList":25,"Weight":0.8915426731109619} {"ElementaryNeuronNumberInList":40,"FinitieNeuronNumberInList":36,"Weight":0.9881970882415772} {"ElementaryNeuronNumberInList":29,"FinitieNeuronNumberInList":36,"Weight":0.287185400724411} {"ElementaryNeuronNumberInList":37,"FinitieNeuronNumberInList":34,"Weight":-0.40821802616119387} {"ElementaryNeuronNumberInList":32,"FinitieNeuronNumberInList":36,"Weight":-0.6935603618621826} {"ElementaryNeuronNumberInList":34,"FinitieNeuronNumberInList":35,"Weight":-0.6668586730957031} {"ElementaryNeuronNumberInList":38,"FinitieNeuronNumberInList":32,"Weight":-0.37481820583343508} {"ElementaryNeuronNumberInList":34,"FinitieNeuronNumberInList":35,"Weight":0.820819616317749} {"ElementaryNeuronNumberInList":37,"FinitieNeuronNumberInList":27,"Weight":-0.9865365028381348} {"ElementaryNeuronNumberInList":29,"FinitieNeuronNumberInList":34,"Weight":-0.037329792976379397} {"ElementaryNeuronNumberInList":24,"FinitieNeuronNumberInList":39,"Weight":-0.13375961780548097} {"ElementaryNeuronNumberInList":37,"FinitieNeuronNumberInList":33,"Weight":0.36189576983451846} {"ElementaryNeuronNumberInList":30,"FinitieNeuronNumberInList":34,"Weight":0.08087050914764404} {"ElementaryNeuronNumberInList":38,"FinitieNeuronNumberInList":32,"Weight":-0.01626121997833252} {"ElementaryNeuronNumberInList":27,"FinitieNeuronNumberInList":39,"Weight":0.2176743745803833} {"ElementaryNeuronNumberInList":34,"FinitieNeuronNumberInList":40,"Weight":0.05698668956756592} {"ElementaryNeuronNumberInList":24,"FinitieNeuronNumberInList":31,"Weight":-0.6807835102081299} {"Generation":1,"SecondName":93.09342956542969,"AbsorbSkill":0.572327196598053,"AttackSkill":0.3954988121986389,"DefenceSkill":0.273065984249115,"AttackBiteCoeficient":1.25,"AttackSuckCoeficient":0.05999999865889549,"EatSuckCoeficient":0.029999999329447748,"Speed":0.05000000074505806,"EnergyForDublicate":6.0,"EatFoodPerSecond":0.20000000298023225,"DetectionRadius":12.0,"RotateSpeed":8.0,"MaxAttibutes":0.699999988079071,"MutateChance":0.004999999888241291}