{"AllNeuronsCount":42,"AllGensCount":50,"InputNeuronsCount":24,"OutputNeuronsCount":3,"LifeTime":0.0,"Energy":2.0} {"Container":0.0,"Bias":-0.018612319603562356} {"Container":0.0,"Bias":0.04323575273156166} {"Container":0.0,"Bias":0.006859201937913895} {"Container":0.0,"Bias":0.021319780498743058} {"Container":0.0,"Bias":0.04006773233413696} {"Container":0.0,"Bias":0.02119464799761772} {"Container":0.0,"Bias":0.04491448402404785} {"Container":0.0,"Bias":0.023198340088129045} {"Container":0.0,"Bias":0.027272425591945649} {"Container":0.0,"Bias":-0.03634628280997276} {"Container":0.0,"Bias":0.025020014494657518} {"Container":0.0,"Bias":0.022998021915555} {"Container":0.0,"Bias":0.03295109048485756} {"Container":0.0,"Bias":-0.044184159487485889} {"Container":0.0,"Bias":-0.037228357046842578} {"Container":0.0,"Bias":0.04330536350607872} {"Container":0.0,"Bias":-0.03041752800345421} {"Container":0.0,"Bias":-0.004649154841899872} {"Container":0.0,"Bias":-0.011695832014083863} {"Container":0.0,"Bias":-0.02889135852456093} {"Container":0.0,"Bias":-0.006742425262928009} {"Container":0.0,"Bias":0.03366405889391899} {"Container":0.0,"Bias":0.03673828765749931} {"Container":0.0,"Bias":-0.02051904983818531} {"Container":0.0,"Bias":0.0004534795880317688} {"Container":0.0,"Bias":0.016089269891381265} {"Container":0.0,"Bias":0.030012283474206926} {"Container":0.0,"Bias":0.03446296229958534} {"Container":0.0,"Bias":0.009083230048418045} {"Container":0.0,"Bias":0.045464467257261279} {"Container":0.0,"Bias":-0.03550371155142784} {"Container":0.0,"Bias":0.021152865141630174} {"Container":0.0,"Bias":-0.013791197910904885} {"Container":0.0,"Bias":0.012309722602367401} {"Container":0.0,"Bias":-0.02421117201447487} {"Container":0.0,"Bias":0.027121424674987794} {"Container":0.0,"Bias":-0.02646179124712944} {"Container":0.0,"Bias":0.012571189552545548} {"Container":0.0,"Bias":-0.032875072211027148} {"Container":0.0,"Bias":-0.01975822076201439} {"Container":0.0,"Bias":-0.017511148005723954} {"Container":0.0,"Bias":-0.018833966925740243} {"ElementaryNeuronNumberInList":0,"FinitieNeuronNumberInList":29,"Weight":0.3389749228954315} {"ElementaryNeuronNumberInList":1,"FinitieNeuronNumberInList":28,"Weight":-0.7489864826202393} {"ElementaryNeuronNumberInList":2,"FinitieNeuronNumberInList":35,"Weight":-0.12463915348052979} {"ElementaryNeuronNumberInList":3,"FinitieNeuronNumberInList":30,"Weight":-0.9126698970794678} {"ElementaryNeuronNumberInList":4,"FinitieNeuronNumberInList":31,"Weight":0.1543494462966919} {"ElementaryNeuronNumberInList":5,"FinitieNeuronNumberInList":37,"Weight":-0.34899866580963137} {"ElementaryNeuronNumberInList":6,"FinitieNeuronNumberInList":27,"Weight":-0.4223233461380005} {"ElementaryNeuronNumberInList":7,"FinitieNeuronNumberInList":24,"Weight":0.3797750174999237} {"ElementaryNeuronNumberInList":8,"FinitieNeuronNumberInList":40,"Weight":-0.3122950792312622} {"ElementaryNeuronNumberInList":9,"FinitieNeuronNumberInList":32,"Weight":-0.6115012168884277} {"ElementaryNeuronNumberInList":10,"FinitieNeuronNumberInList":39,"Weight":0.06836926937103272} {"ElementaryNeuronNumberInList":11,"FinitieNeuronNumberInList":25,"Weight":0.9104185104370117} {"ElementaryNeuronNumberInList":12,"FinitieNeuronNumberInList":39,"Weight":0.03423774242401123} {"ElementaryNeuronNumberInList":13,"FinitieNeuronNumberInList":35,"Weight":0.3479413688182831} {"ElementaryNeuronNumberInList":14,"FinitieNeuronNumberInList":36,"Weight":-0.27746784687042239} {"ElementaryNeuronNumberInList":15,"FinitieNeuronNumberInList":39,"Weight":-0.2825731039047241} {"ElementaryNeuronNumberInList":16,"FinitieNeuronNumberInList":39,"Weight":0.9697027206420898} {"ElementaryNeuronNumberInList":17,"FinitieNeuronNumberInList":29,"Weight":0.46840783953666689} {"ElementaryNeuronNumberInList":18,"FinitieNeuronNumberInList":38,"Weight":-0.2149442434310913} {"ElementaryNeuronNumberInList":19,"FinitieNeuronNumberInList":39,"Weight":-0.39459526538848879} {"ElementaryNeuronNumberInList":20,"FinitieNeuronNumberInList":25,"Weight":0.1007910966873169} {"ElementaryNeuronNumberInList":21,"FinitieNeuronNumberInList":29,"Weight":0.5802836418151856} {"ElementaryNeuronNumberInList":22,"FinitieNeuronNumberInList":26,"Weight":0.37578651309013369} {"ElementaryNeuronNumberInList":23,"FinitieNeuronNumberInList":28,"Weight":-0.06313812732696533} {"ElementaryNeuronNumberInList":26,"FinitieNeuronNumberInList":24,"Weight":-0.2312840223312378} {"ElementaryNeuronNumberInList":31,"FinitieNeuronNumberInList":25,"Weight":-0.25659096240997317} {"ElementaryNeuronNumberInList":38,"FinitieNeuronNumberInList":26,"Weight":0.5816650390625} {"ElementaryNeuronNumberInList":36,"FinitieNeuronNumberInList":31,"Weight":-0.3435434103012085} {"ElementaryNeuronNumberInList":30,"FinitieNeuronNumberInList":27,"Weight":0.3475625216960907} {"ElementaryNeuronNumberInList":30,"FinitieNeuronNumberInList":24,"Weight":-0.6691122055053711} {"ElementaryNeuronNumberInList":39,"FinitieNeuronNumberInList":40,"Weight":0.30952832102775576} {"ElementaryNeuronNumberInList":35,"FinitieNeuronNumberInList":24,"Weight":-0.2503920793533325} {"ElementaryNeuronNumberInList":31,"FinitieNeuronNumberInList":26,"Weight":0.9745774269104004} {"ElementaryNeuronNumberInList":32,"FinitieNeuronNumberInList":37,"Weight":-0.47273433208465578} {"ElementaryNeuronNumberInList":30,"FinitieNeuronNumberInList":33,"Weight":0.8002824783325195} {"ElementaryNeuronNumberInList":38,"FinitieNeuronNumberInList":34,"Weight":0.11314594745635987} {"ElementaryNeuronNumberInList":32,"FinitieNeuronNumberInList":39,"Weight":0.6912369728088379} {"ElementaryNeuronNumberInList":39,"FinitieNeuronNumberInList":38,"Weight":0.1416105031967163} {"ElementaryNeuronNumberInList":38,"FinitieNeuronNumberInList":25,"Weight":-0.58620285987854} {"ElementaryNeuronNumberInList":36,"FinitieNeuronNumberInList":28,"Weight":0.4085213840007782} {"ElementaryNeuronNumberInList":30,"FinitieNeuronNumberInList":33,"Weight":0.012876152992248536} {"ElementaryNeuronNumberInList":38,"FinitieNeuronNumberInList":30,"Weight":0.24548828601837159} {"ElementaryNeuronNumberInList":36,"FinitieNeuronNumberInList":31,"Weight":0.16009485721588136} {"ElementaryNeuronNumberInList":37,"FinitieNeuronNumberInList":25,"Weight":-0.7365715503692627} {"ElementaryNeuronNumberInList":37,"FinitieNeuronNumberInList":25,"Weight":-0.3920358419418335} {"ElementaryNeuronNumberInList":40,"FinitieNeuronNumberInList":25,"Weight":-0.9367249011993408} {"ElementaryNeuronNumberInList":30,"FinitieNeuronNumberInList":36,"Weight":-0.8295011520385742} {"ElementaryNeuronNumberInList":29,"FinitieNeuronNumberInList":37,"Weight":-0.13493597507476808} {"ElementaryNeuronNumberInList":39,"FinitieNeuronNumberInList":31,"Weight":0.17657816410064698} {"ElementaryNeuronNumberInList":38,"FinitieNeuronNumberInList":25,"Weight":0.9552402496337891} {"Generation":1,"SecondName":86.54486846923828,"AbsorbSkill":0.4347994327545166,"AttackSkill":0.6549662351608276,"DefenceSkill":0.49543505907058718,"AttackBiteCoeficient":1.25,"AttackSuckCoeficient":0.05999999865889549,"EatSuckCoeficient":0.029999999329447748,"Speed":0.05000000074505806,"EnergyForDublicate":6.0,"EatFoodPerSecond":0.20000000298023225,"DetectionRadius":12.0,"RotateSpeed":8.0,"MaxAttibutes":0.699999988079071,"MutateChance":0.004999999888241291}