{"AllNeuronsCount":42,"AllGensCount":50,"InputNeuronsCount":24,"OutputNeuronsCount":3,"LifeTime":0.0,"Energy":2.0} {"Container":0.0,"Bias":0.004522353410720825} {"Container":0.0,"Bias":-0.03740457072854042} {"Container":0.0,"Bias":-0.008288770914077759} {"Container":0.0,"Bias":-0.0035561397671699526} {"Container":0.0,"Bias":0.018091807141900064} {"Container":0.0,"Bias":-0.02744067832827568} {"Container":0.0,"Bias":0.01621377468109131} {"Container":0.0,"Bias":-0.013007884845137596} {"Container":0.0,"Bias":0.03394675254821777} {"Container":0.0,"Bias":0.019126567989587785} {"Container":0.0,"Bias":-0.04528793320059776} {"Container":0.0,"Bias":0.02628108114004135} {"Container":0.0,"Bias":0.028049515560269357} {"Container":0.0,"Bias":-0.023312481120228769} {"Container":0.0,"Bias":0.019193384796380998} {"Container":0.0,"Bias":-0.023421498015522958} {"Container":0.0,"Bias":-0.030726801604032518} {"Container":0.0,"Bias":0.014729345217347145} {"Container":0.0,"Bias":0.004933159798383713} {"Container":0.0,"Bias":0.020431850105524064} {"Container":0.0,"Bias":-0.005578547716140747} {"Container":0.0,"Bias":0.027780890464782716} {"Container":0.0,"Bias":-0.02971762605011463} {"Container":0.0,"Bias":-0.01217992976307869} {"Container":0.0,"Bias":-0.03291548416018486} {"Container":0.0,"Bias":0.041915882378816608} {"Container":0.0,"Bias":0.009358316659927369} {"Container":0.0,"Bias":-0.014534097164869309} {"Container":0.0,"Bias":-0.041166093200445178} {"Container":0.0,"Bias":0.038502465933561328} {"Container":0.0,"Bias":-0.010180193930864334} {"Container":0.0,"Bias":0.010685689747333527} {"Container":0.0,"Bias":-0.004648227244615555} {"Container":0.0,"Bias":0.032491814345121387} {"Container":0.0,"Bias":-0.004510980099439621} {"Container":0.0,"Bias":-0.0005547702312469482} {"Container":0.0,"Bias":0.04132905974984169} {"Container":0.0,"Bias":0.00034429505467414856} {"Container":0.0,"Bias":0.027754317969083787} {"Container":0.0,"Bias":0.014098355546593666} {"Container":0.0,"Bias":-0.045219991356134418} {"Container":0.0,"Bias":-0.028757307678461076} {"ElementaryNeuronNumberInList":0,"FinitieNeuronNumberInList":39,"Weight":0.48695871233940127} {"ElementaryNeuronNumberInList":1,"FinitieNeuronNumberInList":25,"Weight":-0.7441587448120117} {"ElementaryNeuronNumberInList":2,"FinitieNeuronNumberInList":27,"Weight":-0.7243120670318604} {"ElementaryNeuronNumberInList":3,"FinitieNeuronNumberInList":36,"Weight":0.18593323230743409} {"ElementaryNeuronNumberInList":4,"FinitieNeuronNumberInList":28,"Weight":-0.2115238904953003} {"ElementaryNeuronNumberInList":5,"FinitieNeuronNumberInList":32,"Weight":-0.7423520088195801} {"ElementaryNeuronNumberInList":6,"FinitieNeuronNumberInList":27,"Weight":-0.7173900604248047} {"ElementaryNeuronNumberInList":7,"FinitieNeuronNumberInList":39,"Weight":0.17574679851531983} {"ElementaryNeuronNumberInList":8,"FinitieNeuronNumberInList":27,"Weight":0.29653260111808779} {"ElementaryNeuronNumberInList":9,"FinitieNeuronNumberInList":34,"Weight":0.735114574432373} {"ElementaryNeuronNumberInList":10,"FinitieNeuronNumberInList":33,"Weight":-0.27418291568756106} {"ElementaryNeuronNumberInList":11,"FinitieNeuronNumberInList":34,"Weight":-0.6552078723907471} {"ElementaryNeuronNumberInList":12,"FinitieNeuronNumberInList":26,"Weight":0.154687762260437} {"ElementaryNeuronNumberInList":13,"FinitieNeuronNumberInList":34,"Weight":-0.2488631010055542} {"ElementaryNeuronNumberInList":14,"FinitieNeuronNumberInList":32,"Weight":-0.5609924793243408} {"ElementaryNeuronNumberInList":15,"FinitieNeuronNumberInList":40,"Weight":0.33674952387809756} {"ElementaryNeuronNumberInList":16,"FinitieNeuronNumberInList":27,"Weight":0.4014534652233124} {"ElementaryNeuronNumberInList":17,"FinitieNeuronNumberInList":33,"Weight":-0.2021123170852661} {"ElementaryNeuronNumberInList":18,"FinitieNeuronNumberInList":26,"Weight":0.39587923884391787} {"ElementaryNeuronNumberInList":19,"FinitieNeuronNumberInList":36,"Weight":0.22005879878997804} {"ElementaryNeuronNumberInList":20,"FinitieNeuronNumberInList":37,"Weight":-0.4500619173049927} {"ElementaryNeuronNumberInList":21,"FinitieNeuronNumberInList":30,"Weight":-0.22325432300567628} {"ElementaryNeuronNumberInList":22,"FinitieNeuronNumberInList":39,"Weight":-0.5518624782562256} {"ElementaryNeuronNumberInList":23,"FinitieNeuronNumberInList":32,"Weight":-0.2538028955459595} {"ElementaryNeuronNumberInList":33,"FinitieNeuronNumberInList":24,"Weight":-0.5436997413635254} {"ElementaryNeuronNumberInList":27,"FinitieNeuronNumberInList":25,"Weight":-0.3110429048538208} {"ElementaryNeuronNumberInList":28,"FinitieNeuronNumberInList":26,"Weight":0.48563072085380556} {"ElementaryNeuronNumberInList":29,"FinitieNeuronNumberInList":37,"Weight":-0.2827666997909546} {"ElementaryNeuronNumberInList":39,"FinitieNeuronNumberInList":37,"Weight":0.3650147616863251} {"ElementaryNeuronNumberInList":24,"FinitieNeuronNumberInList":37,"Weight":-0.09106934070587158} {"ElementaryNeuronNumberInList":25,"FinitieNeuronNumberInList":39,"Weight":-0.07411634922027588} {"ElementaryNeuronNumberInList":40,"FinitieNeuronNumberInList":31,"Weight":-0.7104310989379883} {"ElementaryNeuronNumberInList":30,"FinitieNeuronNumberInList":35,"Weight":-0.846808671951294} {"ElementaryNeuronNumberInList":27,"FinitieNeuronNumberInList":30,"Weight":0.3634791076183319} {"ElementaryNeuronNumberInList":29,"FinitieNeuronNumberInList":32,"Weight":-0.3152111768722534} {"ElementaryNeuronNumberInList":39,"FinitieNeuronNumberInList":34,"Weight":0.037918686866760257} {"ElementaryNeuronNumberInList":36,"FinitieNeuronNumberInList":40,"Weight":0.6376485824584961} {"ElementaryNeuronNumberInList":37,"FinitieNeuronNumberInList":31,"Weight":-0.418798565864563} {"ElementaryNeuronNumberInList":40,"FinitieNeuronNumberInList":32,"Weight":-0.008902668952941895} {"ElementaryNeuronNumberInList":27,"FinitieNeuronNumberInList":30,"Weight":0.22204887866973878} {"ElementaryNeuronNumberInList":38,"FinitieNeuronNumberInList":30,"Weight":-0.512321949005127} {"ElementaryNeuronNumberInList":26,"FinitieNeuronNumberInList":40,"Weight":-0.9138014316558838} {"ElementaryNeuronNumberInList":28,"FinitieNeuronNumberInList":36,"Weight":-0.6215999126434326} {"ElementaryNeuronNumberInList":40,"FinitieNeuronNumberInList":31,"Weight":0.5955953598022461} {"ElementaryNeuronNumberInList":29,"FinitieNeuronNumberInList":34,"Weight":-0.9703273773193359} {"ElementaryNeuronNumberInList":30,"FinitieNeuronNumberInList":28,"Weight":-0.634455680847168} {"ElementaryNeuronNumberInList":35,"FinitieNeuronNumberInList":25,"Weight":-0.03407013416290283} {"ElementaryNeuronNumberInList":29,"FinitieNeuronNumberInList":27,"Weight":0.3212372958660126} {"ElementaryNeuronNumberInList":25,"FinitieNeuronNumberInList":36,"Weight":0.7046751976013184} {"ElementaryNeuronNumberInList":40,"FinitieNeuronNumberInList":32,"Weight":0.47475406527519228} {"Generation":1,"SecondName":41.79121780395508,"AbsorbSkill":0.5542528629302979,"AttackSkill":0.34313780069351199,"DefenceSkill":0.15255486965179444,"AttackBiteCoeficient":1.25,"AttackSuckCoeficient":0.05999999865889549,"EatSuckCoeficient":0.029999999329447748,"Speed":0.05000000074505806,"EnergyForDublicate":6.0,"EatFoodPerSecond":0.20000000298023225,"DetectionRadius":12.0,"RotateSpeed":8.0,"MaxAttibutes":0.699999988079071,"MutateChance":0.004999999888241291}