{"AllNeuronsCount":42,"AllGensCount":50,"InputNeuronsCount":24,"OutputNeuronsCount":3,"LifeTime":0.0,"Energy":2.0} {"Container":0.0,"Bias":0.010956734418869019} {"Container":0.0,"Bias":-0.0004896596074104309} {"Container":0.0,"Bias":0.04721560701727867} {"Container":0.0,"Bias":-0.02667217329144478} {"Container":0.0,"Bias":-0.019673068076372148} {"Container":0.0,"Bias":0.04505148157477379} {"Container":0.0,"Bias":0.03171868249773979} {"Container":0.0,"Bias":0.005267780274152756} {"Container":0.0,"Bias":-0.024311009794473649} {"Container":0.0,"Bias":-0.02354542538523674} {"Container":0.0,"Bias":-0.007051616907119751} {"Container":0.0,"Bias":-0.036868464201688769} {"Container":0.0,"Bias":0.013445496559143067} {"Container":0.0,"Bias":0.018909871578216554} {"Container":0.0,"Bias":0.02751823514699936} {"Container":0.0,"Bias":0.027392778545618058} {"Container":0.0,"Bias":-0.028301920741796495} {"Container":0.0,"Bias":0.026995347812771798} {"Container":0.0,"Bias":0.01677984930574894} {"Container":0.0,"Bias":0.010640032589435578} {"Container":0.0,"Bias":0.0225202776491642} {"Container":0.0,"Bias":-0.02268737182021141} {"Container":0.0,"Bias":0.04082212224602699} {"Container":0.0,"Bias":-0.02393600530922413} {"Container":0.0,"Bias":-0.004083067178726196} {"Container":0.0,"Bias":0.03230686113238335} {"Container":0.0,"Bias":-0.022397298365831376} {"Container":0.0,"Bias":-0.02969452366232872} {"Container":0.0,"Bias":0.035813603550195697} {"Container":0.0,"Bias":0.034276414662599567} {"Container":0.0,"Bias":-0.004806835204362869} {"Container":0.0,"Bias":-0.011456828564405442} {"Container":0.0,"Bias":0.003830570727586746} {"Container":0.0,"Bias":0.04697832092642784} {"Container":0.0,"Bias":0.03378000110387802} {"Container":0.0,"Bias":-0.020797880366444589} {"Container":0.0,"Bias":-0.04421563073992729} {"Container":0.0,"Bias":0.0023265890777111055} {"Container":0.0,"Bias":-0.019174989312887193} {"Container":0.0,"Bias":0.00017897412180900574} {"Container":0.0,"Bias":0.04222853109240532} {"Container":0.0,"Bias":0.04290488734841347} {"ElementaryNeuronNumberInList":0,"FinitieNeuronNumberInList":31,"Weight":-0.25909554958343508} {"ElementaryNeuronNumberInList":1,"FinitieNeuronNumberInList":25,"Weight":-0.5238077640533447} {"ElementaryNeuronNumberInList":2,"FinitieNeuronNumberInList":31,"Weight":-0.5565683841705322} {"ElementaryNeuronNumberInList":3,"FinitieNeuronNumberInList":37,"Weight":-0.07473695278167725} {"ElementaryNeuronNumberInList":4,"FinitieNeuronNumberInList":31,"Weight":0.4672362506389618} {"ElementaryNeuronNumberInList":5,"FinitieNeuronNumberInList":33,"Weight":-0.0210646390914917} {"ElementaryNeuronNumberInList":6,"FinitieNeuronNumberInList":25,"Weight":-0.6446747779846191} {"ElementaryNeuronNumberInList":7,"FinitieNeuronNumberInList":26,"Weight":-0.5069680213928223} {"ElementaryNeuronNumberInList":8,"FinitieNeuronNumberInList":39,"Weight":0.45505329966545107} {"ElementaryNeuronNumberInList":9,"FinitieNeuronNumberInList":26,"Weight":0.40851542353630068} {"ElementaryNeuronNumberInList":10,"FinitieNeuronNumberInList":27,"Weight":0.2943865954875946} {"ElementaryNeuronNumberInList":11,"FinitieNeuronNumberInList":38,"Weight":-0.6327104568481445} {"ElementaryNeuronNumberInList":12,"FinitieNeuronNumberInList":34,"Weight":-0.24051439762115479} {"ElementaryNeuronNumberInList":13,"FinitieNeuronNumberInList":27,"Weight":0.7993490695953369} {"ElementaryNeuronNumberInList":14,"FinitieNeuronNumberInList":25,"Weight":-0.5420732498168945} {"ElementaryNeuronNumberInList":15,"FinitieNeuronNumberInList":40,"Weight":-0.559614896774292} {"ElementaryNeuronNumberInList":16,"FinitieNeuronNumberInList":24,"Weight":0.2909078299999237} {"ElementaryNeuronNumberInList":17,"FinitieNeuronNumberInList":28,"Weight":0.6921823024749756} {"ElementaryNeuronNumberInList":18,"FinitieNeuronNumberInList":26,"Weight":0.9222676753997803} {"ElementaryNeuronNumberInList":19,"FinitieNeuronNumberInList":39,"Weight":0.7883617877960205} {"ElementaryNeuronNumberInList":20,"FinitieNeuronNumberInList":38,"Weight":0.727520227432251} {"ElementaryNeuronNumberInList":21,"FinitieNeuronNumberInList":34,"Weight":-0.37675464153289797} {"ElementaryNeuronNumberInList":22,"FinitieNeuronNumberInList":38,"Weight":0.669734001159668} {"ElementaryNeuronNumberInList":23,"FinitieNeuronNumberInList":36,"Weight":-0.542041540145874} {"ElementaryNeuronNumberInList":27,"FinitieNeuronNumberInList":24,"Weight":0.8724772930145264} {"ElementaryNeuronNumberInList":40,"FinitieNeuronNumberInList":25,"Weight":-0.11706149578094483} {"ElementaryNeuronNumberInList":33,"FinitieNeuronNumberInList":26,"Weight":-0.3184090852737427} {"ElementaryNeuronNumberInList":32,"FinitieNeuronNumberInList":40,"Weight":0.1901463270187378} {"ElementaryNeuronNumberInList":30,"FinitieNeuronNumberInList":34,"Weight":-0.4848266839981079} {"ElementaryNeuronNumberInList":39,"FinitieNeuronNumberInList":25,"Weight":-0.2773035764694214} {"ElementaryNeuronNumberInList":24,"FinitieNeuronNumberInList":32,"Weight":0.4445502460002899} {"ElementaryNeuronNumberInList":34,"FinitieNeuronNumberInList":31,"Weight":0.32158443331718447} {"ElementaryNeuronNumberInList":28,"FinitieNeuronNumberInList":36,"Weight":0.5977332592010498} {"ElementaryNeuronNumberInList":33,"FinitieNeuronNumberInList":25,"Weight":0.13092076778411866} {"ElementaryNeuronNumberInList":31,"FinitieNeuronNumberInList":29,"Weight":-0.05702245235443115} {"ElementaryNeuronNumberInList":32,"FinitieNeuronNumberInList":40,"Weight":-0.4519890546798706} {"ElementaryNeuronNumberInList":29,"FinitieNeuronNumberInList":27,"Weight":0.5351555347442627} {"ElementaryNeuronNumberInList":37,"FinitieNeuronNumberInList":25,"Weight":0.9308700561523438} {"ElementaryNeuronNumberInList":27,"FinitieNeuronNumberInList":33,"Weight":0.09800350666046143} {"ElementaryNeuronNumberInList":40,"FinitieNeuronNumberInList":33,"Weight":-0.3344913721084595} {"ElementaryNeuronNumberInList":28,"FinitieNeuronNumberInList":37,"Weight":0.13730251789093018} {"ElementaryNeuronNumberInList":30,"FinitieNeuronNumberInList":35,"Weight":0.042986512184143069} {"ElementaryNeuronNumberInList":25,"FinitieNeuronNumberInList":38,"Weight":0.505901575088501} {"ElementaryNeuronNumberInList":30,"FinitieNeuronNumberInList":34,"Weight":-0.9384944438934326} {"ElementaryNeuronNumberInList":37,"FinitieNeuronNumberInList":39,"Weight":-0.5207912921905518} {"ElementaryNeuronNumberInList":30,"FinitieNeuronNumberInList":40,"Weight":0.9434523582458496} {"ElementaryNeuronNumberInList":33,"FinitieNeuronNumberInList":37,"Weight":0.6236910820007324} {"ElementaryNeuronNumberInList":34,"FinitieNeuronNumberInList":25,"Weight":-0.7615385055541992} {"ElementaryNeuronNumberInList":35,"FinitieNeuronNumberInList":32,"Weight":-0.2740110158920288} {"ElementaryNeuronNumberInList":31,"FinitieNeuronNumberInList":32,"Weight":-0.7528905868530273} {"Generation":1,"SecondName":99.16244506835938,"AbsorbSkill":0.9400925636291504,"AttackSkill":0.6149771809577942,"DefenceSkill":0.16185152530670167,"AttackBiteCoeficient":1.25,"AttackSuckCoeficient":0.05999999865889549,"EatSuckCoeficient":0.029999999329447748,"Speed":0.05000000074505806,"EnergyForDublicate":6.0,"EatFoodPerSecond":0.20000000298023225,"DetectionRadius":12.0,"RotateSpeed":8.0,"MaxAttibutes":0.699999988079071,"MutateChance":0.004999999888241291}